site,bottom increment (cm),Mid Point Section (cm),Age for Midpoint of section estimated from rBacon model (yrbp),param,value,param,value,param,value,param,value,param,value,param,value,param,value,param,value,param,value,param,value,param,value,param,value,param,value,param,value,param,value
DB-01,4,2,254.3068,bulk density (g/cm^3),0.178127831,%Nitrogen,1.9475,%Carbon,39.24,%Hydrogen,4.6347,C density (g/cm^3),0.069897361,Culmulative carbon mass (g/cm^2),0.279589443,Culmulative C mass (areal carbon mass/carbon stock) Kg C/m^3,2.795894428,Peat Accretion Rate averaged across entire core (cm/yr),0.008008899,Average carbon accumulation rate (g/cm^2/yr) ,0.000559801,Average carbon accumulation (g/m^2/yr),5.598008866,Accretion Rate Obtained using rBacon age-depth model (cmyr-1),0.006152374,Modelled Carbon accumulation rate (gcm-2yr-1),0.000430035,Modelled Carbon Accumulation rate (gm-2yr-1),4.300347046,Carbon Density (gcm-3),0.068869913,OM density (gcm-3),0.137739826
DB-01,8,6,937.8926,bulk density (g/cm^3),0.179804237,%Nitrogen,1.8284,%Carbon,38.649,%Hydrogen,4.7142,C density (g/cm^3),0.069492539,Culmulative carbon mass (g/cm^2),0.557559601,Culmulative C mass (areal carbon mass/carbon stock) Kg C/m^4,5.575596005,Peat Accretion Rate averaged across entire core (cm/yr),0.008008899,Average carbon accumulation rate (g/cm^2/yr) ,0.000556559,Average carbon accumulation (g/m^2/yr),5.56558714,Accretion Rate Obtained using rBacon age-depth model (cmyr-1),0.00542209,Modelled Carbon accumulation rate (gcm-2yr-1),0.000376795,Modelled Carbon Accumulation rate (gm-2yr-1),3.767948031,Carbon Density (gcm-3),0.069042283,OM density (gcm-3),0.138084566
DB-01,12,10,1640.751,bulk density (g/cm^3),0.149445581,%Nitrogen,1.6852,%Carbon,41.46,%Hydrogen,4.6999,C density (g/cm^3),0.061960138,Culmulative carbon mass (g/cm^2),0.805400152,Culmulative C mass (areal carbon mass/carbon stock) Kg C/m^5,8.054001516,Peat Accretion Rate averaged across entire core (cm/yr),0.008008899,Average carbon accumulation rate (g/cm^2/yr) ,0.000496232,Average carbon accumulation (g/m^2/yr),4.962324715,Accretion Rate Obtained using rBacon age-depth model (cmyr-1),0.005292677,Modelled Carbon accumulation rate (gcm-2yr-1),0.000327935,Modelled Carbon Accumulation rate (gm-2yr-1),3.279349961,Carbon Density (gcm-3),0.059146707,OM density (gcm-3),0.118293414
DB-01,16,14,2290.9305,bulk density (g/cm^3),0.166783784,%Nitrogen,1.6214,%Carbon,43.666,%Hydrogen,4.9113,C density (g/cm^3),0.072827807,Culmulative carbon mass (g/cm^2),1.09671138,Culmulative C mass (areal carbon mass/carbon stock) Kg C/m^6,10.9671138,Peat Accretion Rate averaged across entire core (cm/yr),0.008008899,Average carbon accumulation rate (g/cm^2/yr) ,0.000583271,Average carbon accumulation (g/m^2/yr),5.832705346,Accretion Rate Obtained using rBacon age-depth model (cmyr-1),0.005429402,Modelled Carbon accumulation rate (gcm-2yr-1),0.000395411,Modelled Carbon Accumulation rate (gm-2yr-1),3.954114411,Carbon Density (gcm-3),0.068823895,OM density (gcm-3),0.13764779
DB-01,20,18,3006.7929,bulk density (g/cm^3),0.146168006,%Nitrogen,1.6394,%Carbon,43.149,%Hydrogen,4.8818,C density (g/cm^3),0.063070033,Culmulative carbon mass (g/cm^2),1.348991511,Culmulative C mass (areal carbon mass/carbon stock) Kg C/m^7,13.48991511,Peat Accretion Rate averaged across entire core (cm/yr),0.008008899,Average carbon accumulation rate (g/cm^2/yr) ,0.000505122,Average carbon accumulation (g/m^2/yr),5.051215089,Accretion Rate Obtained using rBacon age-depth model (cmyr-1),0.005797969,Modelled Carbon accumulation rate (gcm-2yr-1),0.000365678,Modelled Carbon Accumulation rate (gm-2yr-1),3.656780952,Carbon Density (gcm-3),0.059470981,OM density (gcm-3),0.118941962
DB-01,24,22,3679.0544,bulk density (g/cm^3),0.170896275,%Nitrogen,1.6343,%Carbon,43.397,%Hydrogen,4.9711,C density (g/cm^3),0.074163856,Culmulative carbon mass (g/cm^2),1.645646936,Culmulative C mass (areal carbon mass/carbon stock) Kg C/m^8,16.45646936,Peat Accretion Rate averaged across entire core (cm/yr),0.008008899,Average carbon accumulation rate (g/cm^2/yr) ,0.000593971,Average carbon accumulation (g/m^2/yr),5.939708181,Accretion Rate Obtained using rBacon age-depth model (cmyr-1),0.007201107,Modelled Carbon accumulation rate (gcm-2yr-1),0.000534062,Modelled Carbon Accumulation rate (gm-2yr-1),5.340618648,Carbon Density (gcm-3),0.070636625,OM density (gcm-3),0.14127325
DB-01,28,26,4186.3624,bulk density (g/cm^3),0.146196494,%Nitrogen,1.842,%Carbon,38.987,%Hydrogen,4.7406,C density (g/cm^3),0.056997627,Culmulative carbon mass (g/cm^2),1.873637444,Culmulative C mass (areal carbon mass/carbon stock) Kg C/m^9,18.73637444,Peat Accretion Rate averaged across entire core (cm/yr),0.008008899,Average carbon accumulation rate (g/cm^2/yr) ,0.000456488,Average carbon accumulation (g/m^2/yr),4.564882254,Accretion Rate Obtained using rBacon age-depth model (cmyr-1),0.010470592,Modelled Carbon accumulation rate (gcm-2yr-1),0.000596799,Modelled Carbon Accumulation rate (gm-2yr-1),5.967988976,Carbon Density (gcm-3),0.056431075,OM density (gcm-3),0.11286215
DB-01,32,30,4584.5376,bulk density (g/cm^3),0.17269832,%Nitrogen,1.9077,%Carbon,39.774,%Hydrogen,4.6968,C density (g/cm^3),0.06868903,Culmulative carbon mass (g/cm^2),2.148393564,Culmulative C mass (areal carbon mass/carbon stock) Kg C/m^10,21.48393564,Peat Accretion Rate averaged across entire core (cm/yr),0.008008899,Average carbon accumulation rate (g/cm^2/yr) ,0.000550123,Average carbon accumulation (g/m^2/yr),5.501234865,Accretion Rate Obtained using rBacon age-depth model (cmyr-1),0.009843007,Modelled Carbon accumulation rate (gcm-2yr-1),0.000676107,Modelled Carbon Accumulation rate (gm-2yr-1),6.761066009,Carbon Density (gcm-3),0.066517371,OM density (gcm-3),0.133034742
DB-01,36,34,4968.2002,bulk density (g/cm^3),0.16344412,%Nitrogen,1.8664,%Carbon,40.115,%Hydrogen,4.7249,C density (g/cm^3),0.065565609,Culmulative carbon mass (g/cm^2),2.410655998,Culmulative C mass (areal carbon mass/carbon stock) Kg C/m^11,24.10655998,Peat Accretion Rate averaged across entire core (cm/yr),0.008008899,Average carbon accumulation rate (g/cm^2/yr) ,0.000525108,Average carbon accumulation (g/m^2/yr),5.251083229,Accretion Rate Obtained using rBacon age-depth model (cmyr-1),0.009855983,Modelled Carbon accumulation rate (gcm-2yr-1),0.000646214,Modelled Carbon Accumulation rate (gm-2yr-1),6.462135243,Carbon Density (gcm-3),0.063737092,OM density (gcm-3),0.127474184
DB-01,40,38,5349.8089,bulk density (g/cm^3),0.188930606,%Nitrogen,1.8378,%Carbon,40.48,%Hydrogen,4.7724,C density (g/cm^3),0.076479109,Culmulative carbon mass (g/cm^2),2.716572436,Culmulative C mass (areal carbon mass/carbon stock) Kg C/m^12,27.16572436,Peat Accretion Rate averaged across entire core (cm/yr),0.008008899,Average carbon accumulation rate (g/cm^2/yr) ,0.000612513,Average carbon accumulation (g/m^2/yr),6.125134459,Accretion Rate Obtained using rBacon age-depth model (cmyr-1),0.010762467,Modelled Carbon accumulation rate (gcm-2yr-1),0.000823104,Modelled Carbon Accumulation rate (gm-2yr-1),8.231038914,Carbon Density (gcm-3),0.074247929,OM density (gcm-3),0.148495858
DB-01,44,42,5710.9301,bulk density (g/cm^3),0.143089847,%Nitrogen,1.8403,%Carbon,39.361,%Hydrogen,4.7816,C density (g/cm^3),0.056321595,Culmulative carbon mass (g/cm^2),2.941858814,Culmulative C mass (areal carbon mass/carbon stock) Kg C/m^13,29.41858814,Peat Accretion Rate averaged across entire core (cm/yr),0.008008899,Average carbon accumulation rate (g/cm^2/yr) ,0.000451074,Average carbon accumulation (g/m^2/yr),4.510739494,Accretion Rate Obtained using rBacon age-depth model (cmyr-1),0.010805838,Modelled Carbon accumulation rate (gcm-2yr-1),0.000608602,Modelled Carbon Accumulation rate (gm-2yr-1),6.086020263,Carbon Density (gcm-3),0.055923295,OM density (gcm-3),0.11184659
DB-01,48,46,6067.1777,bulk density (g/cm^3),0.17544485,%Nitrogen,1.9282,%Carbon,40.904,%Hydrogen,4.6033,C density (g/cm^3),0.071763962,Culmulative carbon mass (g/cm^2),3.085386737,Culmulative C mass (areal carbon mass/carbon stock) Kg C/m^14,30.85386737,Peat Accretion Rate averaged across entire core (cm/yr),0.008008899,Average carbon accumulation rate (g/cm^2/yr) ,0.00057475,Average carbon accumulation (g/m^2/yr),5.747503038,Accretion Rate Obtained using rBacon age-depth model (cmyr-1),0.010886735,Modelled Carbon accumulation rate (gcm-2yr-1),0.000781275,Modelled Carbon Accumulation rate (gm-2yr-1),7.812752319,Carbon Density (gcm-3),0.067971839,OM density (gcm-3),0.135943678
DB-01,50,49,6341.597,bulk density (g/cm^3),0.127627222,%Nitrogen,1.8115,%Carbon,40.982,%Hydrogen,4.8087,C density (g/cm^3),0.052304188,Culmulative carbon mass (g/cm^2),3.294603489,Culmulative C mass (areal carbon mass/carbon stock) Kg C/m^15,32.94603489,Peat Accretion Rate averaged across entire core (cm/yr),0.008008899,Average carbon accumulation rate (g/cm^2/yr) ,0.000418899,Average carbon accumulation (g/m^2/yr),4.188989476,Accretion Rate Obtained using rBacon age-depth model (cmyr-1),0.010765224,Modelled Carbon accumulation rate (gcm-2yr-1),0.000563066,Modelled Carbon Accumulation rate (gm-2yr-1),5.630663004,Carbon Density (gcm-3),0.051093967,OM density (gcm-3),0.102187934
DB-01,54,52,6615.5453,bulk density (g/cm^3),0.125574872,%Nitrogen,1.836,%Carbon,41.875,%Hydrogen,4.9208,C density (g/cm^3),0.052584478,Culmulative carbon mass (g/cm^2),3.5049414,Culmulative C mass (areal carbon mass/carbon stock) Kg C/m^16,35.049414,Peat Accretion Rate averaged across entire core (cm/yr),0.008008899,Average carbon accumulation rate (g/cm^2/yr) ,0.000421144,Average carbon accumulation (g/m^2/yr),4.211437593,Accretion Rate Obtained using rBacon age-depth model (cmyr-1),0.010421593,Modelled Carbon accumulation rate (gcm-2yr-1),0.000548014,Modelled Carbon Accumulation rate (gm-2yr-1),5.480140249,Carbon Density (gcm-3),0.050207967,OM density (gcm-3),0.100415934
DB-01,58,56,6992.5392,bulk density (g/cm^3),0.153479182,%Nitrogen,1.9336,%Carbon,39.479,%Hydrogen,4.639,C density (g/cm^3),0.060592046,Culmulative carbon mass (g/cm^2),3.747309585,Culmulative C mass (areal carbon mass/carbon stock) Kg C/m^17,37.47309585,Peat Accretion Rate averaged across entire core (cm/yr),0.008008899,Average carbon accumulation rate (g/cm^2/yr) ,0.000485276,Average carbon accumulation (g/m^2/yr),4.852755648,Accretion Rate Obtained using rBacon age-depth model (cmyr-1),0.010074661,Modelled Carbon accumulation rate (gcm-2yr-1),0.000610444,Modelled Carbon Accumulation rate (gm-2yr-1),6.104443249,Carbon Density (gcm-3),0.057850165,OM density (gcm-3),0.11570033
DB-01,62,60,7377.0923,bulk density (g/cm^3),0.123869248,%Nitrogen,1.5892,%Carbon,41.226,%Hydrogen,4.8821,C density (g/cm^3),0.051066336,Culmulative carbon mass (g/cm^2),3.951574929,Culmulative C mass (areal carbon mass/carbon stock) Kg C/m^18,39.51574929,Peat Accretion Rate averaged across entire core (cm/yr),0.008008899,Average carbon accumulation rate (g/cm^2/yr) ,0.000408985,Average carbon accumulation (g/m^2/yr),4.089851161,Accretion Rate Obtained using rBacon age-depth model (cmyr-1),0.010589733,Modelled Carbon accumulation rate (gcm-2yr-1),0.000540779,Modelled Carbon Accumulation rate (gm-2yr-1),5.407788638,Carbon Density (gcm-3),0.048019017,OM density (gcm-3),0.096038034
DB-01,66,64,7730.8,bulk density (g/cm^3),0.131464573,%Nitrogen,1.9456,%Carbon,41.56,%Hydrogen,4.9106,C density (g/cm^3),0.054636676,Culmulative carbon mass (g/cm^2),4.170121635,Culmulative C mass (areal carbon mass/carbon stock) Kg C/m^19,41.70121635,Peat Accretion Rate averaged across entire core (cm/yr),0.008008899,Average carbon accumulation rate (g/cm^2/yr) ,0.00043758,Average carbon accumulation (g/m^2/yr),4.375796108,Accretion Rate Obtained using rBacon age-depth model (cmyr-1),0.010676039,Modelled Carbon accumulation rate (gcm-2yr-1),0.000583303,Modelled Carbon Accumulation rate (gm-2yr-1),5.833032881,Carbon Density (gcm-3),0.05165128,OM density (gcm-3),0.10330256
DB-01,70,68,8111.3858,bulk density (g/cm^3),0.111217677,%Nitrogen,2.034,%Carbon,43.411,%Hydrogen,5.1885,C density (g/cm^3),0.048280706,Culmulative carbon mass (g/cm^2),4.363244458,Culmulative C mass (areal carbon mass/carbon stock) Kg C/m^20,43.63244458,Peat Accretion Rate averaged across entire core (cm/yr),0.008008899,Average carbon accumulation rate (g/cm^2/yr) ,0.000386675,Average carbon accumulation (g/m^2/yr),3.866752858,Accretion Rate Obtained using rBacon age-depth model (cmyr-1),0.009976974,Modelled Carbon accumulation rate (gcm-2yr-1),0.000481695,Modelled Carbon Accumulation rate (gm-2yr-1),4.816953467,Carbon Density (gcm-3),0.046208053,OM density (gcm-3),0.092416106
DB-01,74,72,8508.383,bulk density (g/cm^3),0.11220672,%Nitrogen,2.2557,%Carbon,43.718,%Hydrogen,5.2152,C density (g/cm^3),0.049054534,Culmulative carbon mass (g/cm^2),4.559462594,Culmulative C mass (areal carbon mass/carbon stock) Kg C/m^21,45.59462594,Peat Accretion Rate averaged across entire core (cm/yr),0.008008899,Average carbon accumulation rate (g/cm^2/yr) ,0.000392873,Average carbon accumulation (g/m^2/yr),3.928727969,Accretion Rate Obtained using rBacon age-depth model (cmyr-1),0.010395557,Modelled Carbon accumulation rate (gcm-2yr-1),0.000509949,Modelled Carbon Accumulation rate (gm-2yr-1),5.099492038,Carbon Density (gcm-3),0.044200969,OM density (gcm-3),0.088401938
DB-01,78,76,8867.2947,bulk density (g/cm^3),0.157058437,%Nitrogen,2.3767,%Carbon,39.619,%Hydrogen,4.8522,C density (g/cm^3),0.062224982,Culmulative carbon mass (g/cm^2),4.808362522,Culmulative C mass (areal carbon mass/carbon stock) Kg C/m^22,48.08362522,Peat Accretion Rate averaged across entire core (cm/yr),0.008008899,Average carbon accumulation rate (g/cm^2/yr) ,0.000498354,Average carbon accumulation (g/m^2/yr),4.983535829,Accretion Rate Obtained using rBacon age-depth model (cmyr-1),0.011076642,Modelled Carbon accumulation rate (gcm-2yr-1),0.000689244,Modelled Carbon Accumulation rate (gm-2yr-1),6.8924385,Carbon Density (gcm-3),0.059504696,OM density (gcm-3),0.119009392
DB-01,82,80,9455.981,bulk density (g/cm^3),0.162084733,%Nitrogen,2.4399,%Carbon,40.08,%Hydrogen,4.7375,C density (g/cm^3),0.064963561,Culmulative carbon mass (g/cm^2),5.068216767,Culmulative C mass (areal carbon mass/carbon stock) Kg C/m^23,50.68216767,Peat Accretion Rate averaged across entire core (cm/yr),0.008008899,Average carbon accumulation rate (g/cm^2/yr) ,0.000520287,Average carbon accumulation (g/m^2/yr),5.202865853,Accretion Rate Obtained using rBacon age-depth model (cmyr-1),0.006276488,Modelled Carbon accumulation rate (gcm-2yr-1),0.000407743,Modelled Carbon Accumulation rate (gm-2yr-1),4.077430119,Carbon Density (gcm-3),0.060688945,OM density (gcm-3),0.12137789
DB-01,86,84,10071.9883,bulk density (g/cm^3),0.177479182,%Nitrogen,2.5503,%Carbon,34.508,%Hydrogen,4.3331,C density (g/cm^3),0.061244516,Culmulative carbon mass (g/cm^2),5.313194831,Culmulative C mass (areal carbon mass/carbon stock) Kg C/m^24,53.13194831,Peat Accretion Rate averaged across entire core (cm/yr),0.008008899,Average carbon accumulation rate (g/cm^2/yr) ,0.000490501,Average carbon accumulation (g/m^2/yr),4.905011299,Accretion Rate Obtained using rBacon age-depth model (cmyr-1),0.005719474,Modelled Carbon accumulation rate (gcm-2yr-1),0.000350286,Modelled Carbon Accumulation rate (gm-2yr-1),3.502864174,Carbon Density (gcm-3),0.058565256,OM density (gcm-3),0.117130512
DB-01,90,88,10679.763,bulk density (g/cm^3),0.245747991,%Nitrogen,1.4803,%Carbon,24.137,%Hydrogen,3.0971,C density (g/cm^3),0.059316193,Culmulative carbon mass (g/cm^2),5.431827216,Culmulative C mass (areal carbon mass/carbon stock) Kg C/m^25,54.31827216,Peat Accretion Rate averaged across entire core (cm/yr),0.008008899,Average carbon accumulation rate (g/cm^2/yr) ,0.000475057,Average carbon accumulation (g/m^2/yr),4.750573827,Accretion Rate Obtained using rBacon age-depth model (cmyr-1),0.00593854,Modelled Carbon accumulation rate (gcm-2yr-1),0.000352252,Modelled Carbon Accumulation rate (gm-2yr-1),3.522515827,Carbon Density (gcm-3),0.054359031,OM density (gcm-3),0.108718062
DB-01,92,91,11125.0593,bulk density (g/cm^3),0.230061359,%Nitrogen,1.4505,%Carbon,26.406,%Hydrogen,3.3128,C density (g/cm^3),0.060750002,Culmulative carbon mass (g/cm^2),5.674827226,Culmulative C mass (areal carbon mass/carbon stock) Kg C/m^26,56.74827226,Peat Accretion Rate averaged across entire core (cm/yr),0.008008899,Average carbon accumulation rate (g/cm^2/yr) ,0.000486541,Average carbon accumulation (g/m^2/yr),4.865406196,Accretion Rate Obtained using rBacon age-depth model (cmyr-1),0.007619421,Modelled Carbon accumulation rate (gcm-2yr-1),0.00046288,Modelled Carbon Accumulation rate (gm-2yr-1),4.628798438,Carbon Density (gcm-3),0.055549889,OM density (gcm-3),0.111099778
DB-02,4,2,89.05107,bulk density (g/cm^3),0.073801315,%Nitrogen,2.5102,%Carbon,39.616,%Hydrogen,5.0707,C density (g/cm^3),0.029237129,Culmulative carbon mass (g/cm^2),0.116948516,Culmulative C mass (areal carbon mass/carbon stock) Kg C/m^27,1.169485155,Peat Accretion Rate averaged across entire core (cm/yr),0.011865758,Average carbon accumulation rate (g/cm^2/yr) ,0.000346921,Average carbon accumulation (g/m^2/yr),3.469206827,Accretion Rate Obtained using rBacon age-depth model (cmyr-1),0.011585301,Modelled Carbon accumulation rate (gcm-2yr-1),0.000338721,Modelled Carbon Accumulation rate (gm-2yr-1),3.387209385,Carbon Density (gcm-3),0.030250579,OM density (gcm-3),0.060501158
DB-02,8,6,429.08281,bulk density (g/cm^3),0.08707962,%Nitrogen,2.4858,%Carbon,39.717,%Hydrogen,5.0895,C density (g/cm^3),0.034585413,Culmulative carbon mass (g/cm^2),0.255290166,Culmulative C mass (areal carbon mass/carbon stock) Kg C/m^28,2.552901665,Peat Accretion Rate averaged across entire core (cm/yr),0.011865758,Average carbon accumulation rate (g/cm^2/yr) ,0.000410382,Average carbon accumulation (g/m^2/yr),4.103821223,Accretion Rate Obtained using rBacon age-depth model (cmyr-1),0.011714776,Modelled Carbon accumulation rate (gcm-2yr-1),0.00040516,Modelled Carbon Accumulation rate (gm-2yr-1),4.051603631,Carbon Density (gcm-3),0.035884785,OM density (gcm-3),0.07176957
DB-02,12,10,724.48738,bulk density (g/cm^3),0.135617969,%Nitrogen,2.2474,%Carbon,37.711,%Hydrogen,4.8218,C density (g/cm^3),0.051142892,Culmulative carbon mass (g/cm^2),0.459861736,Culmulative C mass (areal carbon mass/carbon stock) Kg C/m^29,4.598617361,Peat Accretion Rate averaged across entire core (cm/yr),0.011865758,Average carbon accumulation rate (g/cm^2/yr) ,0.000606849,Average carbon accumulation (g/m^2/yr),6.068491617,Accretion Rate Obtained using rBacon age-depth model (cmyr-1),0.012754119,Modelled Carbon accumulation rate (gcm-2yr-1),0.000652283,Modelled Carbon Accumulation rate (gm-2yr-1),6.522825358,Carbon Density (gcm-3),0.052044256,OM density (gcm-3),0.104088512
DB-02,16,14,1030.28314,bulk density (g/cm^3),0.148630387,%Nitrogen,1.7478,%Carbon,38.748,%Hydrogen,4.8107,C density (g/cm^3),0.057591302,Culmulative carbon mass (g/cm^2),0.690226946,Culmulative C mass (areal carbon mass/carbon stock) Kg C/m^30,6.902269458,Peat Accretion Rate averaged across entire core (cm/yr),0.011865758,Average carbon accumulation rate (g/cm^2/yr) ,0.000683364,Average carbon accumulation (g/m^2/yr),6.833644313,Accretion Rate Obtained using rBacon age-depth model (cmyr-1),0.014002645,Modelled Carbon accumulation rate (gcm-2yr-1),0.000806431,Modelled Carbon Accumulation rate (gm-2yr-1),8.064305627,Carbon Density (gcm-3),0.05669038,OM density (gcm-3),0.113380761
DB-02,20,18,1331.29714,bulk density (g/cm^3),0.134685902,%Nitrogen,1.7739,%Carbon,40.206,%Hydrogen,4.942,C density (g/cm^3),0.054151814,Culmulative carbon mass (g/cm^2),0.906834201,Culmulative C mass (areal carbon mass/carbon stock) Kg C/m^31,9.06834201,Peat Accretion Rate averaged across entire core (cm/yr),0.011865758,Average carbon accumulation rate (g/cm^2/yr) ,0.000642552,Average carbon accumulation (g/m^2/yr),6.425522935,Accretion Rate Obtained using rBacon age-depth model (cmyr-1),0.012702027,Modelled Carbon accumulation rate (gcm-2yr-1),0.000687838,Modelled Carbon Accumulation rate (gm-2yr-1),6.878378011,Carbon Density (gcm-3),0.053900578,OM density (gcm-3),0.107801156
DB-02,24,22,1630.43055,bulk density (g/cm^3),0.128843682,%Nitrogen,1.577,%Carbon,42.836,%Hydrogen,5.1273,C density (g/cm^3),0.055191479,Culmulative carbon mass (g/cm^2),1.127600119,Culmulative C mass (areal carbon mass/carbon stock) Kg C/m^32,11.27600119,Peat Accretion Rate averaged across entire core (cm/yr),0.011865758,Average carbon accumulation rate (g/cm^2/yr) ,0.000654889,Average carbon accumulation (g/m^2/yr),6.548887135,Accretion Rate Obtained using rBacon age-depth model (cmyr-1),0.016087192,Modelled Carbon accumulation rate (gcm-2yr-1),0.000887876,Modelled Carbon Accumulation rate (gm-2yr-1),8.878759261,Carbon Density (gcm-3),0.053978413,OM density (gcm-3),0.107956827
DB-02,28,26,2064.50823,bulk density (g/cm^3),0.092248356,%Nitrogen,1.4495,%Carbon,43.949,%Hydrogen,5.1313,C density (g/cm^3),0.04054223,Culmulative carbon mass (g/cm^2),1.289769039,Culmulative C mass (areal carbon mass/carbon stock) Kg C/m^33,12.89769039,Peat Accretion Rate averaged across entire core (cm/yr),0.011865758,Average carbon accumulation rate (g/cm^2/yr) ,0.000481064,Average carbon accumulation (g/m^2/yr),4.810642738,Accretion Rate Obtained using rBacon age-depth model (cmyr-1),0.008943349,Modelled Carbon accumulation rate (gcm-2yr-1),0.000362583,Modelled Carbon Accumulation rate (gm-2yr-1),3.625833138,Carbon Density (gcm-3),0.038661541,OM density (gcm-3),0.077323082
DB-02,32,30,2512.1958,bulk density (g/cm^3),0.117953251,%Nitrogen,1.4033,%Carbon,43.864,%Hydrogen,5.0907,C density (g/cm^3),0.051739014,Culmulative carbon mass (g/cm^2),1.496725095,Culmulative C mass (areal carbon mass/carbon stock) Kg C/m^34,14.96725095,Peat Accretion Rate averaged across entire core (cm/yr),0.011865758,Average carbon accumulation rate (g/cm^2/yr) ,0.000613923,Average carbon accumulation (g/m^2/yr),6.139225938,Accretion Rate Obtained using rBacon age-depth model (cmyr-1),0.008344135,Modelled Carbon accumulation rate (gcm-2yr-1),0.000431717,Modelled Carbon Accumulation rate (gm-2yr-1),4.317173161,Carbon Density (gcm-3),0.049514157,OM density (gcm-3),0.099028315
DB-02,36,34,2987.84103,bulk density (g/cm^3),0.136308254,%Nitrogen,1.3812,%Carbon,43.989,%Hydrogen,5.0478,C density (g/cm^3),0.059960638,Culmulative carbon mass (g/cm^2),1.736567646,Culmulative C mass (areal carbon mass/carbon stock) Kg C/m^35,17.36567646,Peat Accretion Rate averaged across entire core (cm/yr),0.011865758,Average carbon accumulation rate (g/cm^2/yr) ,0.000711478,Average carbon accumulation (g/m^2/yr),7.114783923,Accretion Rate Obtained using rBacon age-depth model (cmyr-1),0.008045465,Modelled Carbon accumulation rate (gcm-2yr-1),0.000482411,Modelled Carbon Accumulation rate (gm-2yr-1),4.824112139,Carbon Density (gcm-3),0.057155984,OM density (gcm-3),0.114311969
DB-02,40,38,3495.8194,bulk density (g/cm^3),0.146210373,%Nitrogen,1.4262,%Carbon,43.279,%Hydrogen,4.9818,C density (g/cm^3),0.063278387,Culmulative carbon mass (g/cm^2),1.989681195,Culmulative C mass (areal carbon mass/carbon stock) Kg C/m^36,19.89681195,Peat Accretion Rate averaged across entire core (cm/yr),0.011865758,Average carbon accumulation rate (g/cm^2/yr) ,0.000750846,Average carbon accumulation (g/m^2/yr),7.508459998,Accretion Rate Obtained using rBacon age-depth model (cmyr-1),0.008746348,Modelled Carbon accumulation rate (gcm-2yr-1),0.000553455,Modelled Carbon Accumulation rate (gm-2yr-1),5.534547947,Carbon Density (gcm-3),0.0596379,OM density (gcm-3),0.1192758
DB-02,44,42,3943.65916,bulk density (g/cm^3),0.165195763,%Nitrogen,1.5359,%Carbon,43.488,%Hydrogen,5.0394,C density (g/cm^3),0.071840334,Culmulative carbon mass (g/cm^2),2.277042529,Culmulative C mass (areal carbon mass/carbon stock) Kg C/m^37,22.77042529,Peat Accretion Rate averaged across entire core (cm/yr),0.011865758,Average carbon accumulation rate (g/cm^2/yr) ,0.00085244,Average carbon accumulation (g/m^2/yr),8.524399802,Accretion Rate Obtained using rBacon age-depth model (cmyr-1),0.008268077,Modelled Carbon accumulation rate (gcm-2yr-1),0.000593981,Modelled Carbon Accumulation rate (gm-2yr-1),5.939814096,Carbon Density (gcm-3),0.068046865,OM density (gcm-3),0.136093731
DB-02,48,46,4399.21803,bulk density (g/cm^3),0.219869248,%Nitrogen,1.6689,%Carbon,43.876,%Hydrogen,5.1915,C density (g/cm^3),0.096469831,Culmulative carbon mass (g/cm^2),2.662921854,Culmulative C mass (areal carbon mass/carbon stock) Kg C/m^38,26.62921854,Peat Accretion Rate averaged across entire core (cm/yr),0.011865758,Average carbon accumulation rate (g/cm^2/yr) ,0.001144688,Average carbon accumulation (g/m^2/yr),11.44687626,Accretion Rate Obtained using rBacon age-depth model (cmyr-1),0.008483498,Modelled Carbon accumulation rate (gcm-2yr-1),0.000818402,Modelled Carbon Accumulation rate (gm-2yr-1),8.184016191,Carbon Density (gcm-3),0.091162233,OM density (gcm-3),0.182324465
DB-02,54,52,5139.38399,bulk density (g/cm^3),0.126821768,%Nitrogen,1.6062,%Carbon,44.843,%Hydrogen,5.0892,C density (g/cm^3),0.056870685,Culmulative carbon mass (g/cm^2),3.004145965,Culmulative C mass (areal carbon mass/carbon stock) Kg C/m^39,30.04145965,Peat Accretion Rate averaged across entire core (cm/yr),0.011865758,Average carbon accumulation rate (g/cm^2/yr) ,0.000674814,Average carbon accumulation (g/m^2/yr),6.748137634,Accretion Rate Obtained using rBacon age-depth model (cmyr-1),0.008149007,Modelled Carbon accumulation rate (gcm-2yr-1),0.00046344,Modelled Carbon Accumulation rate (gm-2yr-1),4.634396126,Carbon Density (gcm-3),0.052040351,OM density (gcm-3),0.104080703
DB-02,58,56,5618.4132,bulk density (g/cm^3),0.143980278,%Nitrogen,1.6243,%Carbon,43.595,%Hydrogen,4.7812,C density (g/cm^3),0.062768202,Culmulative carbon mass (g/cm^2),3.255218773,Culmulative C mass (areal carbon mass/carbon stock) Kg C/m^40,32.55218773,Peat Accretion Rate averaged across entire core (cm/yr),0.011865758,Average carbon accumulation rate (g/cm^2/yr) ,0.000744792,Average carbon accumulation (g/m^2/yr),7.447922668,Accretion Rate Obtained using rBacon age-depth model (cmyr-1),0.007802221,Modelled Carbon accumulation rate (gcm-2yr-1),0.000489731,Modelled Carbon Accumulation rate (gm-2yr-1),4.897313838,Carbon Density (gcm-3),0.055735467,OM density (gcm-3),0.111470935
DB-02,62,60,6109.63794,bulk density (g/cm^3),0.183977356,%Nitrogen,2.0031,%Carbon,41.934,%Hydrogen,4.462,C density (g/cm^3),0.077149064,Culmulative carbon mass (g/cm^2),3.563815031,Culmulative C mass (areal carbon mass/carbon stock) Kg C/m^41,35.63815031,Peat Accretion Rate averaged across entire core (cm/yr),0.011865758,Average carbon accumulation rate (g/cm^2/yr) ,0.000915432,Average carbon accumulation (g/m^2/yr),9.154320927,Accretion Rate Obtained using rBacon age-depth model (cmyr-1),0.007852432,Modelled Carbon accumulation rate (gcm-2yr-1),0.000605808,Modelled Carbon Accumulation rate (gm-2yr-1),6.058077817,Carbon Density (gcm-3),0.067822957,OM density (gcm-3),0.135645914
DB-02,66,64,6607.4929,bulk density (g/cm^3),0.169791819,%Nitrogen,2.3318,%Carbon,42.541,%Hydrogen,5.1411,C density (g/cm^3),0.072231138,Culmulative carbon mass (g/cm^2),3.852739581,Culmulative C mass (areal carbon mass/carbon stock) Kg C/m^42,38.52739581,Peat Accretion Rate averaged across entire core (cm/yr),0.011865758,Average carbon accumulation rate (g/cm^2/yr) ,0.000857077,Average carbon accumulation (g/m^2/yr),8.570771669,Accretion Rate Obtained using rBacon age-depth model (cmyr-1),0.008291718,Modelled Carbon accumulation rate (gcm-2yr-1),0.00059892,Modelled Carbon Accumulation rate (gm-2yr-1),5.989202243,Carbon Density (gcm-3),0.065166722,OM density (gcm-3),0.130333444
DB-02,70,68,7072.7016,bulk density (g/cm^3),0.123704894,%Nitrogen,2.862,%Carbon,50.811,%Hydrogen,5.2395,C density (g/cm^3),0.062855694,Culmulative carbon mass (g/cm^2),4.104162356,Culmulative C mass (areal carbon mass/carbon stock) Kg C/m^43,41.04162356,Peat Accretion Rate averaged across entire core (cm/yr),0.011865758,Average carbon accumulation rate (g/cm^2/yr) ,0.00074583,Average carbon accumulation (g/m^2/yr),7.458304224,Accretion Rate Obtained using rBacon age-depth model (cmyr-1),0.008213641,Modelled Carbon accumulation rate (gcm-2yr-1),0.000516274,Modelled Carbon Accumulation rate (gm-2yr-1),5.162741031,Carbon Density (gcm-3),0.052848327,OM density (gcm-3),0.105696654
DB-02,74,72,7559.23082,bulk density (g/cm^3),0.123907962,%Nitrogen,2.6389,%Carbon,49.631,%Hydrogen,5.4219,C density (g/cm^3),0.061496761,Culmulative carbon mass (g/cm^2),4.350149399,Culmulative C mass (areal carbon mass/carbon stock) Kg C/m^44,43.50149399,Peat Accretion Rate averaged across entire core (cm/yr),0.011865758,Average carbon accumulation rate (g/cm^2/yr) ,0.000729706,Average carbon accumulation (g/m^2/yr),7.297056517,Accretion Rate Obtained using rBacon age-depth model (cmyr-1),0.008281962,Modelled Carbon accumulation rate (gcm-2yr-1),0.000509314,Modelled Carbon Accumulation rate (gm-2yr-1),5.093138346,Carbon Density (gcm-3),0.051917565,OM density (gcm-3),0.10383513
DB-02,78,76,8022.06991,bulk density (g/cm^3),0.152827611,%Nitrogen,2.6278,%Carbon,47.864,%Hydrogen,5.4819,C density (g/cm^3),0.073149408,Culmulative carbon mass (g/cm^2),4.64274703,Culmulative C mass (areal carbon mass/carbon stock) Kg C/m^45,46.4274703,Peat Accretion Rate averaged across entire core (cm/yr),0.011865758,Average carbon accumulation rate (g/cm^2/yr) ,0.000867973,Average carbon accumulation (g/m^2/yr),8.679731392,Accretion Rate Obtained using rBacon age-depth model (cmyr-1),0.008691117,Modelled Carbon accumulation rate (gcm-2yr-1),0.00063575,Modelled Carbon Accumulation rate (gm-2yr-1),6.357500627,Carbon Density (gcm-3),0.065552509,OM density (gcm-3),0.131105017
DB-02,82,80,8475.33606,bulk density (g/cm^3),0.129978086,%Nitrogen,2.318,%Carbon,39.978,%Hydrogen,4.8022,C density (g/cm^3),0.051962639,Culmulative carbon mass (g/cm^2),4.850597588,Culmulative C mass (areal carbon mass/carbon stock) Kg C/m^46,48.50597588,Peat Accretion Rate averaged across entire core (cm/yr),0.011865758,Average carbon accumulation rate (g/cm^2/yr) ,0.000616576,Average carbon accumulation (g/m^2/yr),6.165760795,Accretion Rate Obtained using rBacon age-depth model (cmyr-1),0.018109496,Modelled Carbon accumulation rate (gcm-2yr-1),0.000941017,Modelled Carbon Accumulation rate (gm-2yr-1),9.410172085,Carbon Density (gcm-3),0.047128331,OM density (gcm-3),0.094256661
DB-02,86,84,8716.56517,bulk density (g/cm^3),0.136230095,%Nitrogen,2.3419,%Carbon,38.578,%Hydrogen,4.6253,C density (g/cm^3),0.052554846,Culmulative carbon mass (g/cm^2),5.060816972,Culmulative C mass (areal carbon mass/carbon stock) Kg C/m^47,50.60816972,Peat Accretion Rate averaged across entire core (cm/yr),0.011865758,Average carbon accumulation rate (g/cm^2/yr) ,0.000623603,Average carbon accumulation (g/m^2/yr),6.236030611,Accretion Rate Obtained using rBacon age-depth model (cmyr-1),0.018346658,Modelled Carbon accumulation rate (gcm-2yr-1),0.000964206,Modelled Carbon Accumulation rate (gm-2yr-1),9.642057864,Carbon Density (gcm-3),0.047206267,OM density (gcm-3),0.094412535
DB-02,90,88,8930.84213,bulk density (g/cm^3),0.101140248,%Nitrogen,2.6518,%Carbon,46.646,%Hydrogen,5.2758,C density (g/cm^3),0.04717788,Culmulative carbon mass (g/cm^2),5.249528493,Culmulative C mass (areal carbon mass/carbon stock) Kg C/m^48,52.49528493,Peat Accretion Rate averaged across entire core (cm/yr),0.011865758,Average carbon accumulation rate (g/cm^2/yr) ,0.000559801,Average carbon accumulation (g/m^2/yr),5.598012887,Accretion Rate Obtained using rBacon age-depth model (cmyr-1),0.018527205,Modelled Carbon accumulation rate (gcm-2yr-1),0.000874074,Modelled Carbon Accumulation rate (gm-2yr-1),8.740742588,Carbon Density (gcm-3),0.042539942,OM density (gcm-3),0.085079883
DB-02,94,92,9147.61131,bulk density (g/cm^3),0.127059167,%Nitrogen,3.0506,%Carbon,48.11,%Hydrogen,5.4379,C density (g/cm^3),0.061128165,Culmulative carbon mass (g/cm^2),5.494041154,Culmulative C mass (areal carbon mass/carbon stock) Kg C/m^49,54.94041154,Peat Accretion Rate averaged across entire core (cm/yr),0.011865758,Average carbon accumulation rate (g/cm^2/yr) ,0.000725332,Average carbon accumulation (g/m^2/yr),7.253319898,Accretion Rate Obtained using rBacon age-depth model (cmyr-1),0.018677798,Modelled Carbon accumulation rate (gcm-2yr-1),0.00114174,Modelled Carbon Accumulation rate (gm-2yr-1),11.41739525,Carbon Density (gcm-3),0.053995185,OM density (gcm-3),0.107990369
DB-02,98,96,9358.92657,bulk density (g/cm^3),0.119165814,%Nitrogen,3.0068,%Carbon,44.662,%Hydrogen,5.3223,C density (g/cm^3),0.053221836,Culmulative carbon mass (g/cm^2),5.706928499,Culmulative C mass (areal carbon mass/carbon stock) Kg C/m^50,57.06928499,Peat Accretion Rate averaged across entire core (cm/yr),0.011865758,Average carbon accumulation rate (g/cm^2/yr) ,0.000631517,Average carbon accumulation (g/m^2/yr),6.315174029,Accretion Rate Obtained using rBacon age-depth model (cmyr-1),0.018722954,Modelled Carbon accumulation rate (gcm-2yr-1),0.00099647,Modelled Carbon Accumulation rate (gm-2yr-1),9.964699883,Carbon Density (gcm-3),0.04917816,OM density (gcm-3),0.098356321
DB-02,100,99,9515.58634,bulk density (g/cm^3),0.091328394,%Nitrogen,3.0373,%Carbon,44.924,%Hydrogen,5.4262,C density (g/cm^3),0.041028368,Culmulative carbon mass (g/cm^2),5.788985234,Culmulative C mass (areal carbon mass/carbon stock) Kg C/m^51,57.88985234,Peat Accretion Rate averaged across entire core (cm/yr),0.011865758,Average carbon accumulation rate (g/cm^2/yr) ,0.000486833,Average carbon accumulation (g/m^2/yr),4.868326642,Accretion Rate Obtained using rBacon age-depth model (cmyr-1),0.018410285,Modelled Carbon accumulation rate (gcm-2yr-1),0.000755344,Modelled Carbon Accumulation rate (gm-2yr-1),7.553439431,Carbon Density (gcm-3),0.03875498,OM density (gcm-3),0.07750996
DB-02,104,102,9675.52836,bulk density (g/cm^3),0.111420015,%Nitrogen,2.6669,%Carbon,44.641,%Hydrogen,5.2155,C density (g/cm^3),0.049739009,Culmulative carbon mass (g/cm^2),5.987941269,Culmulative C mass (areal carbon mass/carbon stock) Kg C/m^52,59.87941269,Peat Accretion Rate averaged across entire core (cm/yr),0.011865758,Average carbon accumulation rate (g/cm^2/yr) ,0.000590191,Average carbon accumulation (g/m^2/yr),5.901910182,Accretion Rate Obtained using rBacon age-depth model (cmyr-1),0.018309627,Modelled Carbon accumulation rate (gcm-2yr-1),0.000910703,Modelled Carbon Accumulation rate (gm-2yr-1),9.10702697,Carbon Density (gcm-3),0.046477295,OM density (gcm-3),0.09295459
DB-02,108,106,9885.91448,bulk density (g/cm^3),0.121739956,%Nitrogen,2.9529,%Carbon,44.711,%Hydrogen,5.1814,C density (g/cm^3),0.054431152,Culmulative carbon mass (g/cm^2),6.205665876,Culmulative C mass (areal carbon mass/carbon stock) Kg C/m^53,62.05665876,Peat Accretion Rate averaged across entire core (cm/yr),0.011865758,Average carbon accumulation rate (g/cm^2/yr) ,0.000645867,Average carbon accumulation (g/m^2/yr),6.458668504,Accretion Rate Obtained using rBacon age-depth model (cmyr-1),0.019103613,Modelled Carbon accumulation rate (gcm-2yr-1),0.001039832,Modelled Carbon Accumulation rate (gm-2yr-1),10.39831659,Carbon Density (gcm-3),0.050271372,OM density (gcm-3),0.100542743
DB-02,112,110,10093.8295,bulk density (g/cm^3),0.125197955,%Nitrogen,2.9418,%Carbon,42.751,%Hydrogen,5.2142,C density (g/cm^3),0.053523378,Culmulative carbon mass (g/cm^2),6.419759387,Culmulative C mass (areal carbon mass/carbon stock) Kg C/m^54,64.19759387,Peat Accretion Rate averaged across entire core (cm/yr),0.011865758,Average carbon accumulation rate (g/cm^2/yr) ,0.000635095,Average carbon accumulation (g/m^2/yr),6.35095422,Accretion Rate Obtained using rBacon age-depth model (cmyr-1),0.01853851,Modelled Carbon accumulation rate (gcm-2yr-1),0.000992244,Modelled Carbon Accumulation rate (gm-2yr-1),9.922436712,Carbon Density (gcm-3),0.050332096,OM density (gcm-3),0.100664191
DB-02,116,114,10300.4254,bulk density (g/cm^3),0.130432432,%Nitrogen,3.1002,%Carbon,43.126,%Hydrogen,5.0396,C density (g/cm^3),0.056250291,Culmulative carbon mass (g/cm^2),6.64476055,Culmulative C mass (areal carbon mass/carbon stock) Kg C/m^55,66.4476055,Peat Accretion Rate averaged across entire core (cm/yr),0.011865758,Average carbon accumulation rate (g/cm^2/yr) ,0.000667452,Average carbon accumulation (g/m^2/yr),6.674523128,Accretion Rate Obtained using rBacon age-depth model (cmyr-1),0.018591397,Modelled Carbon accumulation rate (gcm-2yr-1),0.001045771,Modelled Carbon Accumulation rate (gm-2yr-1),10.45771488,Carbon Density (gcm-3),0.05251892,OM density (gcm-3),0.10503784
DB-02,120,118,10513.28822,bulk density (g/cm^3),0.133880935,%Nitrogen,3.0826,%Carbon,41.408,%Hydrogen,5.04,C density (g/cm^3),0.055437418,Culmulative carbon mass (g/cm^2),6.86651022,Culmulative C mass (areal carbon mass/carbon stock) Kg C/m^56,68.6651022,Peat Accretion Rate averaged across entire core (cm/yr),0.011865758,Average carbon accumulation rate (g/cm^2/yr) ,0.000657807,Average carbon accumulation (g/m^2/yr),6.578069559,Accretion Rate Obtained using rBacon age-depth model (cmyr-1),0.018490077,Modelled Carbon accumulation rate (gcm-2yr-1),0.001025042,Modelled Carbon Accumulation rate (gm-2yr-1),10.25042119,Carbon Density (gcm-3),0.051980764,OM density (gcm-3),0.103961527
DB-02,124,122,10723.97294,bulk density (g/cm^3),0.136152666,%Nitrogen,2.804,%Carbon,38.505,%Hydrogen,4.9347,C density (g/cm^3),0.052425584,Culmulative carbon mass (g/cm^2),7.076212557,Culmulative C mass (areal carbon mass/carbon stock) Kg C/m^57,70.76212557,Peat Accretion Rate averaged across entire core (cm/yr),0.011865758,Average carbon accumulation rate (g/cm^2/yr) ,0.000622069,Average carbon accumulation (g/m^2/yr),6.220692704,Accretion Rate Obtained using rBacon age-depth model (cmyr-1),0.019116765,Modelled Carbon accumulation rate (gcm-2yr-1),0.001002208,Modelled Carbon Accumulation rate (gm-2yr-1),10.02207571,Carbon Density (gcm-3),0.04982952,OM density (gcm-3),0.099659041
DB-02,128,126,10938.50624,bulk density (g/cm^3),0.206302411,%Nitrogen,2.1507,%Carbon,31.049,%Hydrogen,3.9976,C density (g/cm^3),0.064054835,Culmulative carbon mass (g/cm^2),7.332431898,Culmulative C mass (areal carbon mass/carbon stock) Kg C/m^58,73.32431898,Peat Accretion Rate averaged across entire core (cm/yr),0.011865758,Average carbon accumulation rate (g/cm^2/yr) ,0.000760059,Average carbon accumulation (g/m^2/yr),7.600591472,Accretion Rate Obtained using rBacon age-depth model (cmyr-1),0.018254898,Modelled Carbon accumulation rate (gcm-2yr-1),0.001169314,Modelled Carbon Accumulation rate (gm-2yr-1),11.69314487,Carbon Density (gcm-3),0.061322802,OM density (gcm-3),0.122645604
DB-02,132,130,11147.41558,bulk density (g/cm^3),0.247843682,%Nitrogen,1.2682,%Carbon,21.513,%Hydrogen,2.8584,C density (g/cm^3),0.053318611,Culmulative carbon mass (g/cm^2),7.545706343,Culmulative C mass (areal carbon mass/carbon stock) Kg C/m^59,75.45706343,Peat Accretion Rate averaged across entire core (cm/yr),0.011865758,Average carbon accumulation rate (g/cm^2/yr) ,0.000632666,Average carbon accumulation (g/m^2/yr),6.326657134,Accretion Rate Obtained using rBacon age-depth model (cmyr-1),0.018986405,Modelled Carbon accumulation rate (gcm-2yr-1),0.001012329,Modelled Carbon Accumulation rate (gm-2yr-1),10.12328746,Carbon Density (gcm-3),0.051083861,OM density (gcm-3),0.102167721
DB-02,136,134,11360.12782,bulk density (g/cm^3),0.132859752,%Nitrogen,2.2763,%Carbon,40.934,%Hydrogen,5.0612,C density (g/cm^3),0.054384811,Culmulative carbon mass (g/cm^2),7.763245586,Culmulative C mass (areal carbon mass/carbon stock) Kg C/m^60,77.63245586,Peat Accretion Rate averaged across entire core (cm/yr),0.011865758,Average carbon accumulation rate (g/cm^2/yr) ,0.000645317,Average carbon accumulation (g/m^2/yr),6.453169786,Accretion Rate Obtained using rBacon age-depth model (cmyr-1),0.019192957,Modelled Carbon accumulation rate (gcm-2yr-1),0.001043805,Modelled Carbon Accumulation rate (gm-2yr-1),10.43805334,Carbon Density (gcm-3),0.049040834,OM density (gcm-3),0.098081669
DB-02,140,138,11672.95869,bulk density (g/cm^3),0.281052512,%Nitrogen,1.5581,%Carbon,18.878,%Hydrogen,2.6025,C density (g/cm^3),0.053057093,Culmulative carbon mass (g/cm^2),7.975473959,Culmulative C mass (areal carbon mass/carbon stock) Kg C/m^61,79.75473959,Peat Accretion Rate averaged across entire core (cm/yr),0.011865758,Average carbon accumulation rate (g/cm^2/yr) ,0.000629563,Average carbon accumulation (g/m^2/yr),6.295626043,Accretion Rate Obtained using rBacon age-depth model (cmyr-1),0.012673627,Modelled Carbon accumulation rate (gcm-2yr-1),0.000672426,Modelled Carbon Accumulation rate (gm-2yr-1),6.72425809,Carbon Density (gcm-3),0.049890078,OM density (gcm-3),0.099780156
DB-03,4,2,41.16568,bulk density (g/cm^3),0.076715851,%Nitrogen,2.2895,%Carbon,39.954,%Hydrogen,4.9759,C density (g/cm^3),0.030651051,Culmulative carbon mass (g/cm^2),0.122604204,Culmulative C mass (areal carbon mass/carbon stock) Kg C/m^62,1.226042044,Peat Accretion Rate averaged across entire core (cm/yr),0.010257678,Average carbon accumulation rate (g/cm^2/yr) ,0.000314409,Average carbon accumulation (g/m^2/yr),3.144086068,Accretion Rate Obtained using rBacon age-depth model (cmyr-1),0.018219873,Modelled Carbon accumulation rate (gcm-2yr-1),0.000558458,Modelled Carbon Accumulation rate (gm-2yr-1),5.584582584,Carbon Density (gcm-3),0.03091437,OM density (gcm-3),0.06182874
DB-03,8,6,256.83926,bulk density (g/cm^3),0.075924032,%Nitrogen,2.2354,%Carbon,39.321,%Hydrogen,4.7517,C density (g/cm^3),0.029854089,Culmulative carbon mass (g/cm^2),0.242020559,Culmulative C mass (areal carbon mass/carbon stock) Kg C/m^63,2.420205591,Peat Accretion Rate averaged across entire core (cm/yr),0.010257678,Average carbon accumulation rate (g/cm^2/yr) ,0.000306234,Average carbon accumulation (g/m^2/yr),3.06233623,Accretion Rate Obtained using rBacon age-depth model (cmyr-1),0.017101413,Modelled Carbon accumulation rate (gcm-2yr-1),0.000510547,Modelled Carbon Accumulation rate (gm-2yr-1),5.105471002,Carbon Density (gcm-3),0.029563471,OM density (gcm-3),0.059126942
DB-03,12,10,486.82843,bulk density (g/cm^3),0.089384953,%Nitrogen,2.1947,%Carbon,38.933,%Hydrogen,4.7044,C density (g/cm^3),0.034800244,Culmulative carbon mass (g/cm^2),0.381221533,Culmulative C mass (areal carbon mass/carbon stock) Kg C/m^64,3.812215334,Peat Accretion Rate averaged across entire core (cm/yr),0.010257678,Average carbon accumulation rate (g/cm^2/yr) ,0.00035697,Average carbon accumulation (g/m^2/yr),3.569696862,Accretion Rate Obtained using rBacon age-depth model (cmyr-1),0.017072693,Modelled Carbon accumulation rate (gcm-2yr-1),0.000594134,Modelled Carbon Accumulation rate (gm-2yr-1),5.941338747,Carbon Density (gcm-3),0.034228705,OM density (gcm-3),0.06845741
DB-03,16,14,700.69248,bulk density (g/cm^3),0.112697589,%Nitrogen,1.8769,%Carbon,39.184,%Hydrogen,4.7541,C density (g/cm^3),0.044159423,Culmulative carbon mass (g/cm^2),0.557859227,Culmulative C mass (areal carbon mass/carbon stock) Kg C/m^65,5.578592272,Peat Accretion Rate averaged across entire core (cm/yr),0.010257678,Average carbon accumulation rate (g/cm^2/yr) ,0.000452973,Average carbon accumulation (g/m^2/yr),4.529731382,Accretion Rate Obtained using rBacon age-depth model (cmyr-1),0.017018097,Modelled Carbon accumulation rate (gcm-2yr-1),0.000751509,Modelled Carbon Accumulation rate (gm-2yr-1),7.515093519,Carbon Density (gcm-3),0.043496297,OM density (gcm-3),0.086992595
DB-03,20,18,909.34672,bulk density (g/cm^3),0.124308254,%Nitrogen,1.6025,%Carbon,42.24,%Hydrogen,4.8985,C density (g/cm^3),0.052507807,Culmulative carbon mass (g/cm^2),0.767890454,Culmulative C mass (areal carbon mass/carbon stock) Kg C/m^66,7.678904535,Peat Accretion Rate averaged across entire core (cm/yr),0.010257678,Average carbon accumulation rate (g/cm^2/yr) ,0.000538608,Average carbon accumulation (g/m^2/yr),5.386081623,Accretion Rate Obtained using rBacon age-depth model (cmyr-1),0.019169247,Modelled Carbon accumulation rate (gcm-2yr-1),0.001006535,Modelled Carbon Accumulation rate (gm-2yr-1),10.06535114,Carbon Density (gcm-3),0.049940111,OM density (gcm-3),0.099880222
DB-03,24,22,1259.04354,bulk density (g/cm^3),0.112849525,%Nitrogen,1.4774,%Carbon,44.592,%Hydrogen,5.0869,C density (g/cm^3),0.05032186,Culmulative carbon mass (g/cm^2),0.969177895,Culmulative C mass (areal carbon mass/carbon stock) Kg C/m^67,9.691778946,Peat Accretion Rate averaged across entire core (cm/yr),0.010257678,Average carbon accumulation rate (g/cm^2/yr) ,0.000516185,Average carbon accumulation (g/m^2/yr),5.161854295,Accretion Rate Obtained using rBacon age-depth model (cmyr-1),0.009642585,Modelled Carbon accumulation rate (gcm-2yr-1),0.000485233,Modelled Carbon Accumulation rate (gm-2yr-1),4.852328151,Carbon Density (gcm-3),0.047905187,OM density (gcm-3),0.095810373
DB-03,28,26,1692.82674,bulk density (g/cm^3),0.096983199,%Nitrogen,1.4278,%Carbon,45.242,%Hydrogen,5.1738,C density (g/cm^3),0.043877139,Culmulative carbon mass (g/cm^2),1.144686451,Culmulative C mass (areal carbon mass/carbon stock) Kg C/m^68,11.44686451,Peat Accretion Rate averaged across entire core (cm/yr),0.010257678,Average carbon accumulation rate (g/cm^2/yr) ,0.000450078,Average carbon accumulation (g/m^2/yr),4.500775559,Accretion Rate Obtained using rBacon age-depth model (cmyr-1),0.008109435,Modelled Carbon accumulation rate (gcm-2yr-1),0.000355819,Modelled Carbon Accumulation rate (gm-2yr-1),3.558188074,Carbon Density (gcm-3),0.041138068,OM density (gcm-3),0.082276136
DB-03,32,30,2124.23011,bulk density (g/cm^3),0.099347699,%Nitrogen,1.1268,%Carbon,47.446,%Hydrogen,5.2643,C density (g/cm^3),0.047136509,Culmulative carbon mass (g/cm^2),1.333232488,Culmulative C mass (areal carbon mass/carbon stock) Kg C/m^69,13.33232488,Peat Accretion Rate averaged across entire core (cm/yr),0.010257678,Average carbon accumulation rate (g/cm^2/yr) ,0.000483511,Average carbon accumulation (g/m^2/yr),4.835111254,Accretion Rate Obtained using rBacon age-depth model (cmyr-1),0.008174468,Modelled Carbon accumulation rate (gcm-2yr-1),0.000385316,Modelled Carbon Accumulation rate (gm-2yr-1),3.853158868,Carbon Density (gcm-3),0.043971215,OM density (gcm-3),0.08794243
DB-03,36,34,2542.39099,bulk density (g/cm^3),0.09335476,%Nitrogen,1.2078,%Carbon,46.188,%Hydrogen,5.2352,C density (g/cm^3),0.043118697,Culmulative carbon mass (g/cm^2),1.505707275,Culmulative C mass (areal carbon mass/carbon stock) Kg C/m^70,15.05707275,Peat Accretion Rate averaged across entire core (cm/yr),0.010257678,Average carbon accumulation rate (g/cm^2/yr) ,0.000442298,Average carbon accumulation (g/m^2/yr),4.422976976,Accretion Rate Obtained using rBacon age-depth model (cmyr-1),0.009772317,Modelled Carbon accumulation rate (gcm-2yr-1),0.00042137,Modelled Carbon Accumulation rate (gm-2yr-1),4.21369572,Carbon Density (gcm-3),0.041023328,OM density (gcm-3),0.082046657
DB-03,40,38,2931.36086,bulk density (g/cm^3),0.115263471,%Nitrogen,1.4693,%Carbon,44.973,%Hydrogen,4.8978,C density (g/cm^3),0.051837441,Culmulative carbon mass (g/cm^2),1.713057039,Culmulative C mass (areal carbon mass/carbon stock) Kg C/m^71,17.13057039,Peat Accretion Rate averaged across entire core (cm/yr),0.010257678,Average carbon accumulation rate (g/cm^2/yr) ,0.000531732,Average carbon accumulation (g/m^2/yr),5.317317681,Accretion Rate Obtained using rBacon age-depth model (cmyr-1),0.01631691,Modelled Carbon accumulation rate (gcm-2yr-1),0.000845827,Modelled Carbon Accumulation rate (gm-2yr-1),8.458268591,Carbon Density (gcm-3),0.04822299,OM density (gcm-3),0.096445981
DB-03,44,42,3235.86607,bulk density (g/cm^3),0.171001461,%Nitrogen,1.4307,%Carbon,43.779,%Hydrogen,4.7874,C density (g/cm^3),0.07486273,Culmulative carbon mass (g/cm^2),2.012507957,Culmulative C mass (areal carbon mass/carbon stock) Kg C/m^72,20.12507957,Peat Accretion Rate averaged across entire core (cm/yr),0.010257678,Average carbon accumulation rate (g/cm^2/yr) ,0.000767918,Average carbon accumulation (g/m^2/yr),7.6791776,Accretion Rate Obtained using rBacon age-depth model (cmyr-1),0.01214186,Modelled Carbon accumulation rate (gcm-2yr-1),0.000908973,Modelled Carbon Accumulation rate (gm-2yr-1),9.089727817,Carbon Density (gcm-3),0.070000377,OM density (gcm-3),0.140000754
DB-03,48,46,3553.45005,bulk density (g/cm^3),0.165502557,%Nitrogen,1.7854,%Carbon,42.778,%Hydrogen,4.8616,C density (g/cm^3),0.070798684,Culmulative carbon mass (g/cm^2),2.154105324,Culmulative C mass (areal carbon mass/carbon stock) Kg C/m^73,21.54105324,Peat Accretion Rate averaged across entire core (cm/yr),0.010257678,Average carbon accumulation rate (g/cm^2/yr) ,0.00072623,Average carbon accumulation (g/m^2/yr),7.262300864,Accretion Rate Obtained using rBacon age-depth model (cmyr-1),0.012279045,Modelled Carbon accumulation rate (gcm-2yr-1),0.00086934,Modelled Carbon Accumulation rate (gm-2yr-1),8.693402227,Carbon Density (gcm-3),0.067161551,OM density (gcm-3),0.134323102
DB-03,50,49,3784.43755,bulk density (g/cm^3),0.11395179,%Nitrogen,1.6912,%Carbon,43.092,%Hydrogen,5.027,C density (g/cm^3),0.049104105,Culmulative carbon mass (g/cm^2),2.350521745,Culmulative C mass (areal carbon mass/carbon stock) Kg C/m^74,23.50521745,Peat Accretion Rate averaged across entire core (cm/yr),0.010257678,Average carbon accumulation rate (g/cm^2/yr) ,0.000503694,Average carbon accumulation (g/m^2/yr),5.036940902,Accretion Rate Obtained using rBacon age-depth model (cmyr-1),0.012383935,Modelled Carbon accumulation rate (gcm-2yr-1),0.000608102,Modelled Carbon Accumulation rate (gm-2yr-1),6.081020469,Carbon Density (gcm-3),0.046809643,OM density (gcm-3),0.093619286
DB-03,54,52,4005.3293,bulk density (g/cm^3),0.160691015,%Nitrogen,1.6447,%Carbon,41.993,%Hydrogen,4.7117,C density (g/cm^3),0.067478978,Culmulative carbon mass (g/cm^2),2.620437657,Culmulative C mass (areal carbon mass/carbon stock) Kg C/m^75,26.20437657,Peat Accretion Rate averaged across entire core (cm/yr),0.010257678,Average carbon accumulation rate (g/cm^2/yr) ,0.000692178,Average carbon accumulation (g/m^2/yr),6.92177616,Accretion Rate Obtained using rBacon age-depth model (cmyr-1),0.012757131,Modelled Carbon accumulation rate (gcm-2yr-1),0.000860838,Modelled Carbon Accumulation rate (gm-2yr-1),8.60838163,Carbon Density (gcm-3),0.062431557,OM density (gcm-3),0.124863114
DB-03,58,56,4304.53839,bulk density (g/cm^3),0.145991965,%Nitrogen,1.6405,%Carbon,42.341,%Hydrogen,4.7756,C density (g/cm^3),0.061814458,Culmulative carbon mass (g/cm^2),2.867695489,Culmulative C mass (areal carbon mass/carbon stock) Kg C/m^76,28.67695489,Peat Accretion Rate averaged across entire core (cm/yr),0.010257678,Average carbon accumulation rate (g/cm^2/yr) ,0.000634073,Average carbon accumulation (g/m^2/yr),6.340727929,Accretion Rate Obtained using rBacon age-depth model (cmyr-1),0.012942693,Modelled Carbon accumulation rate (gcm-2yr-1),0.000800046,Modelled Carbon Accumulation rate (gm-2yr-1),8.000455512,Carbon Density (gcm-3),0.057553398,OM density (gcm-3),0.115106795
DB-03,62,60,4586.45197,bulk density (g/cm^3),0.146557341,%Nitrogen,1.7218,%Carbon,44.5,%Hydrogen,4.9549,C density (g/cm^3),0.065218017,Culmulative carbon mass (g/cm^2),3.128567556,Culmulative C mass (areal carbon mass/carbon stock) Kg C/m^77,31.28567556,Peat Accretion Rate averaged across entire core (cm/yr),0.010257678,Average carbon accumulation rate (g/cm^2/yr) ,0.000668985,Average carbon accumulation (g/m^2/yr),6.689854038,Accretion Rate Obtained using rBacon age-depth model (cmyr-1),0.013522679,Modelled Carbon accumulation rate (gcm-2yr-1),0.000881922,Modelled Carbon Accumulation rate (gm-2yr-1),8.819223062,Carbon Density (gcm-3),0.059534446,OM density (gcm-3),0.119068893
DB-03,66,64,4898.29924,bulk density (g/cm^3),0.125986121,%Nitrogen,2.0703,%Carbon,46.4,%Hydrogen,4.7452,C density (g/cm^3),0.05845756,Culmulative carbon mass (g/cm^2),3.362397797,Culmulative C mass (areal carbon mass/carbon stock) Kg C/m^78,33.62397797,Peat Accretion Rate averaged across entire core (cm/yr),0.010257678,Average carbon accumulation rate (g/cm^2/yr) ,0.000599639,Average carbon accumulation (g/m^2/yr),5.996388187,Accretion Rate Obtained using rBacon age-depth model (cmyr-1),0.013199159,Modelled Carbon accumulation rate (gcm-2yr-1),0.000771591,Modelled Carbon Accumulation rate (gm-2yr-1),7.715906327,Carbon Density (gcm-3),0.049015934,OM density (gcm-3),0.098031869
DB-03,70,68,5181.97579,bulk density (g/cm^3),0.129927684,%Nitrogen,1.423,%Carbon,47.907,%Hydrogen,4.8504,C density (g/cm^3),0.062244456,Culmulative carbon mass (g/cm^2),3.61137562,Culmulative C mass (areal carbon mass/carbon stock) Kg C/m^79,36.1137562,Peat Accretion Rate averaged across entire core (cm/yr),0.010257678,Average carbon accumulation rate (g/cm^2/yr) ,0.000638484,Average carbon accumulation (g/m^2/yr),6.384835729,Accretion Rate Obtained using rBacon age-depth model (cmyr-1),0.012743344,Modelled Carbon accumulation rate (gcm-2yr-1),0.000793203,Modelled Carbon Accumulation rate (gm-2yr-1),7.932025122,Carbon Density (gcm-3),0.052335919,OM density (gcm-3),0.104671839
DB-03,74,72,5779.27075,bulk density (g/cm^3),0.135624543,%Nitrogen,2.1249,%Carbon,38.868,%Hydrogen,4.7245,C density (g/cm^3),0.052714548,Culmulative carbon mass (g/cm^2),3.82223381,Culmulative C mass (areal carbon mass/carbon stock) Kg C/m^80,38.2223381,Peat Accretion Rate averaged across entire core (cm/yr),0.010257678,Average carbon accumulation rate (g/cm^2/yr) ,0.000540729,Average carbon accumulation (g/m^2/yr),5.407288447,Accretion Rate Obtained using rBacon age-depth model (cmyr-1),0.0054527,Modelled Carbon accumulation rate (gcm-2yr-1),0.000287437,Modelled Carbon Accumulation rate (gm-2yr-1),2.874366134,Carbon Density (gcm-3),0.048101248,OM density (gcm-3),0.096202496
DB-03,78,76,6579.79873,bulk density (g/cm^3),0.166707816,%Nitrogen,2.2993,%Carbon,38.013,%Hydrogen,4.3724,C density (g/cm^3),0.063370642,Culmulative carbon mass (g/cm^2),4.075716379,Culmulative C mass (areal carbon mass/carbon stock) Kg C/m^81,40.75716379,Peat Accretion Rate averaged across entire core (cm/yr),0.010257678,Average carbon accumulation rate (g/cm^2/yr) ,0.000650036,Average carbon accumulation (g/m^2/yr),6.500356289,Accretion Rate Obtained using rBacon age-depth model (cmyr-1),0.004478998,Modelled Carbon accumulation rate (gcm-2yr-1),0.000283837,Modelled Carbon Accumulation rate (gm-2yr-1),2.838369791,Carbon Density (gcm-3),0.056752877,OM density (gcm-3),0.113505755
DB-03,82,80,7431.64911,bulk density (g/cm^3),0.121480643,%Nitrogen,1.5455,%Carbon,36.816,%Hydrogen,4.2271,C density (g/cm^3),0.044724313,Culmulative carbon mass (g/cm^2),4.254613632,Culmulative C mass (areal carbon mass/carbon stock) Kg C/m^82,42.54613632,Peat Accretion Rate averaged across entire core (cm/yr),0.010257678,Average carbon accumulation rate (g/cm^2/yr) ,0.000458768,Average carbon accumulation (g/m^2/yr),4.587675977,Accretion Rate Obtained using rBacon age-depth model (cmyr-1),0.003860426,Modelled Carbon accumulation rate (gcm-2yr-1),0.000172655,Modelled Carbon Accumulation rate (gm-2yr-1),1.726549025,Carbon Density (gcm-3),0.040215739,OM density (gcm-3),0.080431477
DB-03,86,84,8191.73986,bulk density (g/cm^3),0.137376187,%Nitrogen,1.6804,%Carbon,31.584,%Hydrogen,3.886,C density (g/cm^3),0.043388895,Culmulative carbon mass (g/cm^2),4.319696975,Culmulative C mass (areal carbon mass/carbon stock) Kg C/m^83,43.19696975,Peat Accretion Rate averaged across entire core (cm/yr),0.010257678,Average carbon accumulation rate (g/cm^2/yr) ,0.000445069,Average carbon accumulation (g/m^2/yr),4.450693044,Accretion Rate Obtained using rBacon age-depth model (cmyr-1),0.010583162,Modelled Carbon accumulation rate (gcm-2yr-1),0.000459192,Modelled Carbon Accumulation rate (gm-2yr-1),4.591917037,Carbon Density (gcm-3),0.040045234,OM density (gcm-3),0.080090468
DB-03,87.5,86.75,8479.65128,bulk density (g/cm^3),0.240134409,%Nitrogen,1.2151,%Carbon,20.857,%Hydrogen,2.7108,C density (g/cm^3),0.050084834,Culmulative carbon mass (g/cm^2),4.444909059,Culmulative C mass (areal carbon mass/carbon stock) Kg C/m^84,44.44909059,Peat Accretion Rate averaged across entire core (cm/yr),0.010257678,Average carbon accumulation rate (g/cm^2/yr) ,0.000513754,Average carbon accumulation (g/m^2/yr),5.137540863,Accretion Rate Obtained using rBacon age-depth model (cmyr-1),0.00936708,Modelled Carbon accumulation rate (gcm-2yr-1),0.000469149,Modelled Carbon Accumulation rate (gm-2yr-1),4.691486431,Carbon Density (gcm-3),0.008682712,OM density (gcm-3),0.017365425